{"cameraMode":{"drawMode":2,"name":"Shaded Wireframe","section":"Shading Mode"},"sceneLighting":false,"audioPlay":false,"sceneViewState":{"showFog":true,"showMaterialUpdate":false,"showSkybox":true,"showFlares":true,"showImageEffects":true,"showParticleSystems":true},"in2DMode":false,"pivot":{"x":0.6350184679031372,"y":1.8479437828063965,"z":-8.284690856933594},"rotation":{"x":-0.02830049954354763,"y":-0.969491183757782,"z":0.20239639282226563,"w":-0.13552531599998475},"size":7.0725297927856449,"orthographic":false}