{"cameraMode":{"drawMode":2,"name":"Shaded Wireframe","section":"Shading Mode"},"sceneLighting":false,"audioPlay":false,"sceneViewState":{"showFog":true,"showMaterialUpdate":false,"showSkybox":true,"showFlares":true,"showImageEffects":true,"showParticleSystems":true},"in2DMode":false,"pivot":{"x":23.3311767578125,"y":12.535710334777832,"z":-32.41557312011719},"rotation":{"x":0.07458458840847016,"y":-0.6760972142219544,"z":0.07425284385681153,"w":0.7301595211029053},"size":15.168375968933106,"orthographic":false}