{"cameraMode":{"drawMode":2,"name":"Shaded Wireframe","section":"Shading Mode"},"sceneLighting":false,"audioPlay":false,"sceneViewState":{"showFog":true,"showMaterialUpdate":false,"showSkybox":true,"showFlares":true,"showImageEffects":true,"showParticleSystems":true},"in2DMode":false,"pivot":{"x":8.874267578125,"y":1.3583223819732667,"z":-43.11234664916992},"rotation":{"x":0.296288400888443,"y":0.41782113909721377,"z":-0.1393691748380661,"w":0.8482925295829773},"size":18.933673858642579,"orthographic":false}