{"cameraMode":{"drawMode":2,"name":"Shaded Wireframe","section":"Shading Mode"},"sceneLighting":false,"audioPlay":false,"sceneViewState":{"showFog":true,"showMaterialUpdate":false,"showSkybox":true,"showFlares":true,"showImageEffects":true,"showParticleSystems":true},"in2DMode":false,"pivot":{"x":16.06859016418457,"y":5.277573585510254,"z":-18.08212661743164},"rotation":{"x":-0.21449561417102815,"y":-0.0873522013425827,"z":0.012981532141566277,"w":-0.9736258387565613},"size":21.26956558227539,"orthographic":false}