{"cameraMode":{"drawMode":2,"name":"Shaded Wireframe","section":"Shading Mode"},"sceneLighting":false,"audioPlay":false,"sceneViewState":{"showFog":true,"showMaterialUpdate":false,"showSkybox":true,"showFlares":true,"showImageEffects":true,"showParticleSystems":true},"in2DMode":false,"pivot":{"x":6.4073967933654789,"y":3.222400426864624,"z":-12.007884979248047},"rotation":{"x":-0.3046770989894867,"y":-0.11595539003610611,"z":0.030114319175481797,"w":-0.9458482265472412},"size":12.367191314697266,"orthographic":false}