{"cameraMode":{"drawMode":2,"name":"Shaded Wireframe","section":"Shading Mode"},"sceneLighting":false,"audioPlay":false,"sceneViewState":{"showFog":true,"showMaterialUpdate":false,"showSkybox":true,"showFlares":true,"showImageEffects":true,"showParticleSystems":true},"in2DMode":false,"pivot":{"x":-9.911398887634278,"y":-0.679985523223877,"z":-16.676118850708009},"rotation":{"x":0.0066101267002522949,"y":0.9914292097091675,"z":-0.056903891265392306,"w":0.11866378039121628},"size":28.05240821838379,"orthographic":false}