{"cameraMode":{"drawMode":2,"name":"Shaded Wireframe","section":"Shading Mode"},"sceneLighting":false,"audioPlay":false,"sceneViewState":{"showFog":true,"showMaterialUpdate":false,"showSkybox":true,"showFlares":true,"showImageEffects":true,"showParticleSystems":true},"in2DMode":false,"pivot":{"x":-12.32011604309082,"y":-1.6756987571716309,"z":-5.294411659240723},"rotation":{"x":0.012182731181383133,"y":-0.8495125770568848,"z":0.5270675420761108,"w":0.019632097333669664},"size":8.805274963378907,"orthographic":false}