{"cameraMode":{"drawMode":2,"name":"Shaded Wireframe","section":"Shading Mode"},"sceneLighting":false,"audioPlay":false,"sceneViewState":{"showFog":true,"showMaterialUpdate":false,"showSkybox":true,"showFlares":true,"showImageEffects":true,"showParticleSystems":true},"in2DMode":false,"pivot":{"x":150.5489501953125,"y":-5.02403450012207,"z":27.869003295898439},"rotation":{"x":-0.017224978655576707,"y":-0.9377741813659668,"z":0.3482707142829895,"w":-0.026683004572987558},"size":9.419624328613282,"orthographic":false}