{"cameraMode":{"drawMode":2,"name":"Shaded Wireframe","section":"Shading Mode"},"sceneLighting":false,"audioPlay":false,"sceneViewState":{"showFog":true,"showMaterialUpdate":false,"showSkybox":true,"showFlares":true,"showImageEffects":true,"showParticleSystems":true},"in2DMode":false,"pivot":{"x":100.15707397460938,"y":-72.05070495605469,"z":359.81744384765627},"rotation":{"x":-0.10384789854288101,"y":-0.09340086579322815,"z":0.0031737464014440777,"w":-0.9909347891807556},"size":222.0735321044922,"orthographic":false}