{"cameraMode":{"drawMode":2,"name":"Shaded Wireframe","section":"Shading Mode"},"sceneLighting":false,"audioPlay":false,"sceneViewState":{"showFog":true,"showMaterialUpdate":false,"showSkybox":true,"showFlares":true,"showImageEffects":true,"showParticleSystems":true},"in2DMode":false,"pivot":{"x":-27.1823787689209,"y":-2.4876625537872316,"z":-5.0907697677612309},"rotation":{"x":-0.059445880353450778,"y":-0.8858137130737305,"z":0.4447515308856964,"w":-0.11842049658298493},"size":15.289153099060059,"orthographic":false}