{"cameraMode":{"drawMode":2,"name":"Shaded Wireframe","section":"Shading Mode"},"sceneLighting":false,"audioPlay":false,"sceneViewState":{"showFog":true,"showMaterialUpdate":false,"showSkybox":true,"showFlares":true,"showImageEffects":true,"showParticleSystems":true},"in2DMode":false,"pivot":{"x":-5.441415309906006,"y":9.391679763793946,"z":7.8478217124938969},"rotation":{"x":-0.03130275011062622,"y":-0.9584510326385498,"z":0.2593843340873718,"w":-0.11525793373584748},"size":0.1447952389717102,"orthographic":false}