{"cameraMode":{"drawMode":2,"name":"Shaded Wireframe","section":"Shading Mode"},"sceneLighting":false,"audioPlay":false,"sceneViewState":{"showFog":true,"showMaterialUpdate":false,"showSkybox":true,"showFlares":true,"showImageEffects":true,"showParticleSystems":true},"in2DMode":false,"pivot":{"x":89.32351684570313,"y":2.3679683208465578,"z":-3.3967278003692629},"rotation":{"x":-0.21189159154891969,"y":0.005863421596586704,"z":-0.0039497194811701778,"w":-0.9783441424369812},"size":3.9634997844696047,"orthographic":false}