{"cameraMode":{"drawMode":2,"name":"Shaded Wireframe","section":"Shading Mode"},"sceneLighting":false,"audioPlay":false,"sceneViewState":{"showFog":true,"showMaterialUpdate":false,"showSkybox":true,"showFlares":true,"showImageEffects":true,"showParticleSystems":true},"in2DMode":false,"pivot":{"x":-7.459888458251953,"y":6.078679084777832,"z":2.6411428451538088},"rotation":{"x":-0.0015118831070140005,"y":0.9526073336601257,"z":-0.30442318320274355,"w":-0.005188969429582357},"size":2.1554505825042726,"orthographic":false}