{"cameraMode":{"drawMode":2,"name":"Shaded Wireframe","section":"Shading Mode"},"sceneLighting":false,"audioPlay":false,"sceneViewState":{"showFog":true,"showMaterialUpdate":false,"showSkybox":true,"showFlares":true,"showImageEffects":true,"showParticleSystems":true},"in2DMode":false,"pivot":{"x":26.258529663085939,"y":-3.3911285400390627,"z":-17.910091400146486},"rotation":{"x":0.3119158148765564,"y":0.2054467797279358,"z":-0.06618291139602661,"w":0.9259494543075562},"size":10.844070434570313,"orthographic":false}