{"cameraMode":{"drawMode":2,"name":"Shaded Wireframe","section":"Shading Mode"},"sceneLighting":false,"audioPlay":false,"sceneViewState":{"showFog":true,"showMaterialUpdate":false,"showSkybox":true,"showFlares":true,"showImageEffects":true,"showParticleSystems":true},"in2DMode":false,"pivot":{"x":95.0372085571289,"y":0.20154476165771485,"z":6.743129730224609},"rotation":{"x":0.11983995884656906,"y":-0.857485830783844,"z":0.24218812584877015,"w":0.44018736481666567},"size":10.02199935913086,"orthographic":false}