{"cameraMode":{"drawMode":2,"name":"Shaded Wireframe","section":"Shading Mode"},"sceneLighting":false,"audioPlay":false,"sceneViewState":{"showFog":true,"showMaterialUpdate":false,"showSkybox":true,"showFlares":true,"showImageEffects":true,"showParticleSystems":true},"in2DMode":false,"pivot":{"x":-37.598636627197269,"y":-16.957216262817384,"z":-38.871192932128909},"rotation":{"x":0.12520752847194673,"y":0.8714402914047241,"z":-0.37690699100494387,"w":0.28873541951179507},"size":29.091968536376954,"orthographic":false}