{"cameraMode":{"drawMode":2,"name":"Shaded Wireframe","section":"Shading Mode"},"sceneLighting":false,"audioPlay":false,"sceneViewState":{"showFog":true,"showMaterialUpdate":false,"showSkybox":true,"showFlares":true,"showImageEffects":true,"showParticleSystems":true},"in2DMode":false,"pivot":{"x":103.1611099243164,"y":-51.67687225341797,"z":113.27143859863281},"rotation":{"x":0.192662313580513,"y":0.24931077659130097,"z":-0.048607565462589267,"w":0.9489507675170898},"size":106.98091888427735,"orthographic":false}