{"cameraMode":{"drawMode":2,"name":"Shaded Wireframe","section":"Shading Mode"},"sceneLighting":false,"audioPlay":false,"sceneViewState":{"showFog":true,"showMaterialUpdate":false,"showSkybox":true,"showFlares":true,"showImageEffects":true,"showParticleSystems":true},"in2DMode":false,"pivot":{"x":83.20533752441406,"y":-71.156982421875,"z":100.55049896240235},"rotation":{"x":0.23272788524627686,"y":0.31630367040634158,"z":-0.07829644531011582,"w":0.9175004959106445},"size":83.92993927001953,"orthographic":false}