{"cameraMode":{"drawMode":2,"name":"Shaded Wireframe","section":"Shading Mode"},"sceneLighting":false,"audioPlay":false,"sceneViewState":{"showFog":true,"showMaterialUpdate":false,"showSkybox":true,"showFlares":true,"showImageEffects":true,"showParticleSystems":true},"in2DMode":false,"pivot":{"x":16.40427017211914,"y":-6.741608619689941,"z":-28.04929542541504},"rotation":{"x":0.2102452963590622,"y":0.341219961643219,"z":-0.07598042488098145,"w":0.9136950969696045},"size":21.55203628540039,"orthographic":false}