{"cameraMode":{"drawMode":2,"name":"Shaded Wireframe","section":"Shading Mode"},"sceneLighting":false,"audioPlay":false,"sceneViewState":{"showFog":true,"showMaterialUpdate":false,"showSkybox":true,"showFlares":true,"showImageEffects":true,"showParticleSystems":true},"in2DMode":false,"pivot":{"x":-1.468295693397522,"y":6.225462913513184,"z":0.2211807817220688},"rotation":{"x":0.08849409967660904,"y":0.9092403054237366,"z":-0.31939375400543215,"w":0.25193625688552859},"size":7.728694915771484,"orthographic":false}