{"cameraMode":{"drawMode":2,"name":"Shaded Wireframe","section":"Shading Mode"},"sceneLighting":false,"audioPlay":false,"sceneViewState":{"showFog":true,"showMaterialUpdate":false,"showSkybox":true,"showFlares":true,"showImageEffects":true,"showParticleSystems":true},"in2DMode":false,"pivot":{"x":86.77360534667969,"y":-29.372594833374025,"z":33.44685745239258},"rotation":{"x":0.3059536814689636,"y":0.024683460593223573,"z":-0.006044572219252586,"w":0.9523395299911499},"size":42.852264404296878,"orthographic":false}