{"cameraMode":{"drawMode":0,"name":"Shaded","section":"Shading Mode"},"sceneLighting":true,"audioPlay":false,"sceneViewState":{"showFog":true,"showMaterialUpdate":false,"showSkybox":true,"showFlares":true,"showImageEffects":true,"showParticleSystems":true},"in2DMode":false,"pivot":{"x":334.25634765625,"y":447.6445617675781,"z":625.2199096679688},"rotation":{"x":0.02290564589202404,"y":-0.7753064036369324,"z":0.02816287986934185,"w":0.630549430847168},"size":835.7462768554688,"orthographic":false}